"uno","n"
"home-search-product-product-end",0.0130952380952381
"home-search-product-product-end",0.0130952380952381
"home-search-end",0.00892857142857143
"home-search-product-product-end",0.0130952380952381
"body-search-product-end",0.00654761904761905
"home-end",0.00297619047619048
"body-search-product-end",0.00654761904761905
"home-search-product-end",0.0136904761904762
"home-search-product-end",0.0136904761904762
"home-search-end",0.00892857142857143
"home-search-end",0.00892857142857143
"home-search-product-end",0.0136904761904762
"home-search-end",0.00892857142857143
"home-search-product-end",0.0136904761904762
"home-search-product-end",0.0136904761904762
"home-product-account-search-other-end",0.00833333333333333
"home-search-end",0.00892857142857143
"home-search-product-end",0.0136904761904762
"home-product-account-search-other-end",0.00833333333333333
"home-search-end",0.00892857142857143
"home-search-product-product-end",0.0130952380952381
"home-product-account-search-other-end",0.00833333333333333
"home-search-product-end",0.0136904761904762
"home-product-account-search-other-end",0.00833333333333333
"home-search-product-product-end",0.0130952380952381
"home-search-product-end",0.0136904761904762
"home-search-end",0.00892857142857143
"home-search-account-product-product-end",0.00595238095238095
"home-product-account-search-other-end",0.00833333333333333
"home-search-product-product-end",0.0130952380952381
"home-product-account-search-other-end",0.00833333333333333
"home-search-product-product-end",0.0130952380952381
"home-search-account-product-product-end",0.00595238095238095
"home-search-product-product-end",0.0130952380952381
"home-search-end",0.00892857142857143
"home-search-product-product-end",0.0130952380952381
"home-product-account-search-other-end",0.00833333333333333
"home-search-end",0.00892857142857143
"home-end",0.00297619047619048
"home-search-account-product-product-end",0.00595238095238095
"home-end",0.00297619047619048
"home-search-product-product-end",0.0130952380952381
"body-search-product-end",0.00654761904761905
"body-search-product-end",0.00654761904761905
"home-search-product-product-end",0.0130952380952381
"home-search-product-end",0.0136904761904762
"home-search-product-product-end",0.0130952380952381
"home-search-account-product-product-end",0.00595238095238095
"home-search-product-product-end",0.0130952380952381
"home-search-end",0.00892857142857143
"body-search-product-end",0.00654761904761905
"home-search-product-end",0.0136904761904762
"home-search-account-product-product-end",0.00595238095238095
"home-search-product-end",0.0136904761904762
"home-search-account-product-product-end",0.00595238095238095
"home-search-product-product-end",0.0130952380952381
"home-search-product-end",0.0136904761904762
"body-search-product-end",0.00654761904761905
"home-end",0.00297619047619048
"home-search-product-end",0.0136904761904762
"home-search-end",0.00892857142857143
"home-search-product-product-end",0.0130952380952381
"home-search-product-end",0.0136904761904762
"home-product-account-search-other-end",0.00833333333333333
"home-product-account-search-other-end",0.00833333333333333
"home-search-end",0.00892857142857143
"home-search-product-end",0.0136904761904762
"home-search-end",0.00892857142857143
"home-search-product-product-end",0.0130952380952381
"home-search-product-end",0.0136904761904762
"home-search-product-end",0.0136904761904762
"body-search-product-end",0.00654761904761905
"home-product-account-search-other-end",0.00833333333333333
"body-search-product-end",0.00654761904761905
"home-search-product-product-end",0.0130952380952381
"home-search-end",0.00892857142857143
"body-search-product-end",0.00654761904761905
"home-search-product-end",0.0136904761904762
"home-search-end",0.00892857142857143
"home-search-product-end",0.0136904761904762
"home-search-product-product-end",0.0130952380952381
"home-search-account-product-product-end",0.00595238095238095
"home-search-product-product-end",0.0130952380952381
"home-search-account-product-product-end",0.00595238095238095
"home-search-product-end",0.0136904761904762
"home-search-product-product-end",0.0130952380952381
"home-search-product-product-end",0.0130952380952381
"home-search-account-product-product-end",0.00595238095238095
"home-search-product-product-end",0.0130952380952381
"home-end",0.00297619047619048
"home-product-account-search-other-end",0.00833333333333333
"body-search-product-end",0.00654761904761905
"home-product-account-search-other-end",0.00833333333333333
"home-product-account-search-other-end",0.00833333333333333
"home-search-product-end",0.0136904761904762
"home-search-product-end",0.0136904761904762
"body-search-product-end",0.00654761904761905
"home-product-account-search-other-end",0.00833333333333333
"home-search-account-product-product-end",0.00595238095238095
"home-search-product-end",0.0136904761904762
